booking_id,created_date,date_of_service,customer_name,city,phone,email,package_name
B001,2024-01-15,2024-02-01,Client A,Harare,,client.a@email.com,Basic Cleaning
B002,2024-01-18,2024-02-03,Client B,Bulawayo,,client.b@email.com,Premium Package
B003,2024-01-20,2024-02-05,Client C,Harare,,client.c@email.com,Standard Service
B004,2024-01-22,2024-02-07,Client D,Mutare,,client.d@email.com,Basic Cleaning
B005,2024-01-25,2024-02-10,Client E,Gweru,,client.e@email.com,Deluxe Package
B006,2024-02-02,2024-02-15,Client F,Harare,,client.f@email.com,Standard Service
B007,2024-02-05,2024-02-18,Client G,Bulawayo,,client.g@email.com,Premium Package
B008,2024-02-08,2024-02-20,Client H,Harare,,client.h@email.com,Basic Cleaning
B009,2024-02-10,2024-02-22,Client I,Mutare,,client.i@email.com,Standard Service
B010,2024-02-12,2024-02-25,Client J,Gweru,,client.j@email.com,Deluxe Package
B011,2024-02-15,2024-02-28,Client K,Harare,,client.k@email.com,Basic Cleaning
B012,2024-02-18,2024-03-02,Client L,Bulawayo,,client.l@email.com,Premium Package
B013,2024-02-20,2024-03-05,Client M,Harare,,client.m@email.com,Standard Service
B014,2024-02-22,2024-03-07,Client N,Mutare,,client.n@email.com,Deluxe Package
B015,2024-02-25,2024-03-10,Client O,Gweru,,client.o@email.com,Basic Cleaning
B016,2024-03-01,2024-03-12,Client P,Harare,,client.p@email.com,Standard Service
B017,2024-03-03,2024-03-15,Client Q,Bulawayo,,client.q@email.com,Premium Package
B018,2024-03-05,2024-03-18,Client R,Harare,,client.r@email.com,Basic Cleaning
B019,2024-03-08,2024-03-20,Client S,Mutare,,client.s@email.com,Deluxe Package
B020,2024-03-10,2024-03-22,Client T,Gweru,,client.t@email.com,Standard Service
B021,2024-03-12,2024-03-25,Client U,Harare,,client.u@email.com,Basic Cleaning
B022,2024-03-15,2024-03-28,Client V,Bulawayo,,client.v@email.com,Premium Package
B023,2024-03-18,2024-03-30,Client W,Harare,,client.w@email.com,Standard Service
B024,2024-03-20,2024-04-02,Client X,Mutare,,client.x@email.com,Deluxe Package
B025,2024-03-22,2024-04-05,Client Y,Gweru,,client.y@email.com,Basic Cleaning
B026,2024-03-25,2024-04-08,Client Z,Harare,,client.z@email.com,Standard Service
B027,2024-03-28,2024-04-10,Client AA,Bulawayo,,client.aa@email.com,Premium Package
B028,2024-03-30,2024-04-12,Client BB,Harare,,client.bb@email.com,Basic Cleaning
B029,2024-04-02,2024-04-15,Client CC,Mutare,,client.cc@email.com,Deluxe Package
B030,2024-04-05,2024-04-18,Client DD,Gweru,,client.dd@email.com,Standard Service
B031,2024-04-08,2024-04-20,Client EE,Harare,,client.ee@email.com,Basic Cleaning
B032,2024-04-10,2024-04-22,Client FF,Bulawayo,,client.ff@email.com,Premium Package
B033,2024-04-12,2024-04-25,Client GG,Harare,,client.gg@email.com,Standard Service
B034,2024-04-15,2024-04-28,Client HH,Mutare,,client.hh@email.com,Deluxe Package
B035,2024-04-18,2024-05-01,Client II,Gweru,,client.ii@email.com,Basic Cleaning
B036,2024-04-20,2024-05-03,Client JJ,Harare,,client.jj@email.com,Standard Service
B037,2024-04-22,2024-05-05,Client KK,Bulawayo,,client.kk@email.com,Premium Package
B038,2024-04-25,2024-05-08,Client LL,Harare,,client.ll@email.com,Basic Cleaning
B039,2024-04-28,2024-05-10,Client MM,Mutare,,client.mm@email.com,Deluxe Package
B040,2024-05-01,2024-05-12,Client NN,Gweru,,client.nn@email.com,Standard Service
B041,2024-05-03,2024-05-15,Client OO,Harare,,client.oo@email.com,Basic Cleaning
B042,2024-05-05,2024-05-18,Client PP,Bulawayo,,client.pp@email.com,Premium Package
B043,2024-05-08,2024-05-20,Client QQ,Harare,,client.qq@email.com,Standard Service
B044,2024-05-10,2024-05-22,Client RR,Mutare,,client.rr@email.com,Deluxe Package
B045,2024-05-12,2024-05-25,Client SS,Gweru,,client.ss@email.com,Basic Cleaning
B046,2024-05-15,2024-05-28,Client TT,Harare,,client.tt@email.com,Standard Service
B047,2024-05-18,2024-05-30,Client UU,Bulawayo,,client.uu@email.com,Premium Package
B048,2024-05-20,2024-06-02,Client VV,Harare,,client.vv@email.com,Basic Cleaning
B049,2024-05-22,2024-06-05,Client WW,Mutare,,client.ww@email.com,Deluxe Package
B050,2024-05-25,2024-06-08,Client XX,Gweru,,client.xx@email.com,Standard Service
B051,2024-05-28,2024-06-10,Client YY,Harare,,client.yy@email.com,Basic Cleaning
B052,2024-05-30,2024-06-12,Client ZZ,Bulawayo,,client.zz@email.com,Premium Package
B053,2024-06-02,2024-06-15,Client AAA,Harare,,client.aaa@email.com,Standard Service
B054,2024-06-05,2024-06-18,Client BBB,Mutare,,client.bbb@email.com,Deluxe Package
B055,2024-06-08,2024-06-20,Client CCC,Gweru,,client.ccc@email.com,Basic Cleaning
B056,2024-06-10,2024-06-22,Client DDD,Harare,,client.ddd@email.com,Standard Service
B057,2024-06-12,2024-06-25,Client EEE,Bulawayo,,client.eee@email.com,Premium Package
B058,2024-06-15,2024-06-28,Client FFF,Harare,,client.fff@email.com,Basic Cleaning
B059,2024-06-18,2024-06-30,Client GGG,Mutare,,client.ggg@email.com,Deluxe Package
B060,2024-06-20,2024-07-02,Client HHH,Gweru,,client.hhh@email.com,Standard Service
B061,2024-06-22,2024-07-05,Client III,Harare,,client.iii@email.com,Basic Cleaning
B062,2024-06-25,2024-07-08,Client JJJ,Bulawayo,,client.jjj@email.com,Premium Package
B063,2024-06-28,2024-07-10,Client KKK,Harare,,client.kkk@email.com,Standard Service
B064,2024-06-30,2024-07-12,Client LLL,Mutare,,client.lll@email.com,Deluxe Package
B065,2024-07-02,2024-07-15,Client MMM,Gweru,,client.mmm@email.com,Basic Cleaning
B066,2024-07-05,2024-07-18,Client NNN,Harare,,client.nnn@email.com,Standard Service
B067,2024-07-08,2024-07-20,Client OOO,Bulawayo,,client.ooo@email.com,Premium Package
B068,2024-07-10,2024-07-22,Client PPP,Harare,,client.ppp@email.com,Basic Cleaning
B069,2024-07-12,2024-07-25,Client QQQ,Mutare,,client.qqq@email.com,Deluxe Package
B070,2024-07-15,2024-07-28,Client RRR,Gweru,,client.rrr@email.com,Standard Service
B071,2024-07-18,2024-07-30,Client SSS,Harare,,client.sss@email.com,Basic Cleaning
B072,2024-07-20,2024-08-02,Client TTT,Bulawayo,,client.ttt@email.com,Premium Package
B073,2024-07-22,2024-08-05,Client UUU,Harare,,client.uuu@email.com,Standard Service
B074,2024-07-25,2024-08-08,Client VVV,Mutare,,client.vvv@email.com,Deluxe Package
B075,2024-07-28,2024-08-10,Client WWW,Gweru,,client.www@email.com,Basic Cleaning
B076,2024-07-30,2024-08-12,Client XXX,Harare,,client.xxx@email.com,Standard Service
B077,2024-08-02,2024-08-15,Client YYY,Bulawayo,,client.yyy@email.com,Premium Package
B078,2024-08-05,2024-08-18,Client ZZZ,Harare,,client.zzz@email.com,Basic Cleaning
B079,2024-08-08,2024-08-20,Client AAAA,Mutare,,client.aaaa@email.com,Deluxe Package
B080,2024-08-10,2024-08-22,Client BBBB,Gweru,,client.bbbb@email.com,Standard Service
B081,2024-08-12,2024-08-25,Client CCCC,Harare,,client.cccc@email.com,Basic Cleaning
B082,2024-08-15,2024-08-28,Client DDDD,Bulawayo,,client.dddd@email.com,Premium Package
B083,2024-08-18,2024-08-30,Client EEEE,Harare,,client.eeee@email.com,Standard Service
B084,2024-08-20,2024-09-02,Client FFFF,Mutare,,client.ffff@email.com,Deluxe Package
B085,2024-08-22,2024-09-05,Client GGGG,Gweru,,client.gggg@email.com,Basic Cleaning
B086,2024-08-25,2024-09-08,Client HHHH,Harare,,client.hhhh@email.com,Standard Service
B087,2024-08-28,2024-09-10,Client IIII,Bulawayo,,client.iiii@email.com,Premium Package
B088,2024-08-30,2024-09-12,Client JJJJ,Harare,,client.jjjj@email.com,Basic Cleaning
B089,2024-09-02,2024-09-15,Client KKKK,Mutare,,client.kkkk@email.com,Deluxe Package
B090,2024-09-05,2024-09-18,Client LLLL,Gweru,,client.llll@email.com,Standard Service
B091,2024-09-08,2024-09-20,Client MMMM,Harare,,client.mmmm@email.com,Basic Cleaning
B092,2024-09-10,2024-09-22,Client NNNN,Bulawayo,,client.nnnn@email.com,Premium Package
B093,2024-09-12,2024-09-25,Client OOOO,Harare,,client.oooo@email.com,Standard Service
B094,2024-09-15,2024-09-28,Client PPPP,Mutare,,client.pppp@email.com,Deluxe Package
B095,2024-09-18,2024-09-30,Client QQQQ,Gweru,,client.qqqq@email.com,Basic Cleaning
B096,2024-09-20,2024-10-02,Client RRRR,Harare,,client.rrrr@email.com,Standard Service
B097,2024-09-22,2024-10-05,Client SSSS,Bulawayo,,client.ssss@email.com,Premium Package
B098,2024-09-25,2024-10-08,Client TTTT,Harare,,client.tttt@email.com,Basic Cleaning
B099,2024-09-28,2024-10-10,Client UUUU,Mutare,,client.uuuu@email.com,Deluxe Package
B100,2024-09-30,2024-10-12,Client VVVV,Gweru,,client.vvvv@email.com,Standard Service